Email,Product,Price,Attendee Name,Attendee Email,Company,City,Country,Comment
attendee001@baremini-orders.test,BE HAPPY,0.00,Aisha Tanaka,attendee001@baremini-orders.test,Demo Co,Berlin,DE,Import row 1
attendee002@baremini-orders.test,Virtual Ticket,15.00,Ben Andersen,attendee002@baremini-orders.test,Demo Co,Berlin,DE,Import row 2
attendee003@baremini-orders.test,BE HAPPY,0.00,Carlos Hassan,attendee003@baremini-orders.test,Demo Co,Berlin,DE,Import row 3
attendee004@baremini-orders.test,Standard Ticket,30.00,Diana Ivanova,attendee004@baremini-orders.test,Demo Co,Berlin,DE,Import row 4
attendee005@baremini-orders.test,Virtual Ticket,15.00,Elena Johnson,attendee005@baremini-orders.test,Demo Co,Berlin,DE,Import row 5
attendee006@baremini-orders.test,BE HAPPY,0.00,Farid Kowalski,attendee006@baremini-orders.test,Demo Co,Berlin,DE,Import row 6
attendee007@baremini-orders.test,Standard Ticket,30.00,Grace Lopez,attendee007@baremini-orders.test,Demo Co,Berlin,DE,Import row 7
attendee008@baremini-orders.test,Virtual Ticket,15.00,Hiro Martinez,attendee008@baremini-orders.test,Demo Co,Berlin,DE,Import row 8
attendee009@baremini-orders.test,BE HAPPY,0.00,Isabella Nakamura,attendee009@baremini-orders.test,Demo Co,Berlin,DE,Import row 9
attendee010@baremini-orders.test,Standard Ticket,30.00,Jamal Osei,attendee010@baremini-orders.test,Demo Co,Berlin,DE,Import row 10
attendee011@baremini-orders.test,Virtual Ticket,15.00,Keiko Petrov,attendee011@baremini-orders.test,Demo Co,Berlin,DE,Import row 11
attendee012@baremini-orders.test,BE HAPPY,0.00,Liam Rahman,attendee012@baremini-orders.test,Demo Co,Berlin,DE,Import row 12
attendee013@baremini-orders.test,Standard Ticket,30.00,Maya Sato,attendee013@baremini-orders.test,Demo Co,Berlin,DE,Import row 13
attendee014@baremini-orders.test,Virtual Ticket,15.00,Noah Torres,attendee014@baremini-orders.test,Demo Co,Berlin,DE,Import row 14
attendee015@baremini-orders.test,BE HAPPY,0.00,Olivia Ueda,attendee015@baremini-orders.test,Demo Co,Berlin,DE,Import row 15
attendee016@baremini-orders.test,Standard Ticket,30.00,Priya Verma,attendee016@baremini-orders.test,Demo Co,Berlin,DE,Import row 16
attendee017@baremini-orders.test,Virtual Ticket,15.00,Quinn Wilson,attendee017@baremini-orders.test,Demo Co,Berlin,DE,Import row 17
attendee018@baremini-orders.test,BE HAPPY,0.00,Ravi Yilmaz,attendee018@baremini-orders.test,Demo Co,Berlin,DE,Import row 18
attendee019@baremini-orders.test,Standard Ticket,30.00,Sofia Zhou,attendee019@baremini-orders.test,Demo Co,Berlin,DE,Import row 19
attendee020@baremini-orders.test,Virtual Ticket,15.00,Tariq Berg,attendee020@baremini-orders.test,Demo Co,Berlin,DE,Import row 20
attendee021@baremini-orders.test,BE HAPPY,0.00,Uma Costa,attendee021@baremini-orders.test,Demo Co,Berlin,DE,Import row 21
attendee022@baremini-orders.test,Standard Ticket,30.00,Victor Dubois,attendee022@baremini-orders.test,Demo Co,Berlin,DE,Import row 22
attendee023@baremini-orders.test,BE HAPPY,0.00,Wanjiku Espinosa,attendee023@baremini-orders.test,Demo Co,Berlin,DE,Import row 23
attendee024@baremini-orders.test,BE HAPPY,0.00,Xavier Fischer,attendee024@baremini-orders.test,Demo Co,Berlin,DE,Import row 24
attendee025@baremini-orders.test,Standard Ticket,30.00,Yuki Gupta,attendee025@baremini-orders.test,Demo Co,Berlin,DE,Import row 25
attendee026@baremini-orders.test,Virtual Ticket,15.00,Zara Horvat,attendee026@baremini-orders.test,Demo Co,Berlin,DE,Import row 26
attendee027@baremini-orders.test,BE HAPPY,0.00,Amir Ito,attendee027@baremini-orders.test,Demo Co,Berlin,DE,Import row 27
attendee028@baremini-orders.test,Standard Ticket,30.00,Beatriz Jensen,attendee028@baremini-orders.test,Demo Co,Berlin,DE,Import row 28
attendee029@baremini-orders.test,Virtual Ticket,15.00,Chen Nguyen,attendee029@baremini-orders.test,Demo Co,Berlin,DE,Import row 29
attendee030@baremini-orders.test,BE HAPPY,0.00,Devika Patel,attendee030@baremini-orders.test,Demo Co,Berlin,DE,Import row 30
attendee031@baremini-orders.test,Standard Ticket,30.00,Erik Garcia,attendee031@baremini-orders.test,Demo Co,Berlin,DE,Import row 31
attendee032@baremini-orders.test,Virtual Ticket,15.00,Fatima Kim,attendee032@baremini-orders.test,Demo Co,Berlin,DE,Import row 32
attendee033@baremini-orders.test,BE HAPPY,0.00,Gustav Schmidt,attendee033@baremini-orders.test,Demo Co,Berlin,DE,Import row 33
attendee034@baremini-orders.test,BE HAPPY,0.00,Hannah Okafor,attendee034@baremini-orders.test,Demo Co,Berlin,DE,Import row 34
attendee035@baremini-orders.test,Virtual Ticket,15.00,Ivan Silva,attendee035@baremini-orders.test,Demo Co,Berlin,DE,Import row 35
attendee036@baremini-orders.test,BE HAPPY,0.00,Aisha Tanaka,attendee036@baremini-orders.test,Demo Co,Berlin,DE,Import row 36
attendee037@baremini-orders.test,Standard Ticket,30.00,Ben Andersen,attendee037@baremini-orders.test,Demo Co,Berlin,DE,Import row 37
attendee038@baremini-orders.test,Virtual Ticket,15.00,Carlos Hassan,attendee038@baremini-orders.test,Demo Co,Berlin,DE,Import row 38
attendee039@baremini-orders.test,BE HAPPY,0.00,Diana Ivanova,attendee039@baremini-orders.test,Demo Co,Berlin,DE,Import row 39
attendee040@baremini-orders.test,Standard Ticket,30.00,Elena Johnson,attendee040@baremini-orders.test,Demo Co,Berlin,DE,Import row 40
attendee041@baremini-orders.test,Virtual Ticket,15.00,Farid Kowalski,attendee041@baremini-orders.test,Demo Co,Berlin,DE,Import row 41
attendee042@baremini-orders.test,BE HAPPY,0.00,Grace Lopez,attendee042@baremini-orders.test,Demo Co,Berlin,DE,Import row 42
attendee043@baremini-orders.test,Standard Ticket,30.00,Hiro Martinez,attendee043@baremini-orders.test,Demo Co,Berlin,DE,Import row 43
attendee044@baremini-orders.test,Virtual Ticket,15.00,Isabella Nakamura,attendee044@baremini-orders.test,Demo Co,Berlin,DE,Import row 44
attendee045@baremini-orders.test,BE HAPPY,0.00,Jamal Osei,attendee045@baremini-orders.test,Demo Co,Berlin,DE,Import row 45
attendee046@baremini-orders.test,Standard Ticket,30.00,Keiko Petrov,attendee046@baremini-orders.test,Demo Co,Berlin,DE,Import row 46
attendee047@baremini-orders.test,Virtual Ticket,15.00,Liam Rahman,attendee047@baremini-orders.test,Demo Co,Berlin,DE,Import row 47
attendee048@baremini-orders.test,BE HAPPY,0.00,Maya Sato,attendee048@baremini-orders.test,Demo Co,Berlin,DE,Import row 48
attendee049@baremini-orders.test,Standard Ticket,30.00,Noah Torres,attendee049@baremini-orders.test,Demo Co,Berlin,DE,Import row 49
attendee050@baremini-orders.test,Virtual Ticket,15.00,Olivia Ueda,attendee050@baremini-orders.test,Demo Co,Berlin,DE,Import row 50
attendee051@baremini-orders.test,BE HAPPY,0.00,Priya Verma,attendee051@baremini-orders.test,Demo Co,Berlin,DE,Import row 51
attendee052@baremini-orders.test,Standard Ticket,30.00,Quinn Wilson,attendee052@baremini-orders.test,Demo Co,Berlin,DE,Import row 52
attendee053@baremini-orders.test,Virtual Ticket,15.00,Ravi Yilmaz,attendee053@baremini-orders.test,Demo Co,Berlin,DE,Import row 53
attendee054@baremini-orders.test,BE HAPPY,0.00,Sofia Zhou,attendee054@baremini-orders.test,Demo Co,Berlin,DE,Import row 54
attendee055@baremini-orders.test,Standard Ticket,30.00,Tariq Berg,attendee055@baremini-orders.test,Demo Co,Berlin,DE,Import row 55
attendee056@baremini-orders.test,BE HAPPY,0.00,Uma Costa,attendee056@baremini-orders.test,Demo Co,Berlin,DE,Import row 56
attendee057@baremini-orders.test,BE HAPPY,0.00,Victor Dubois,attendee057@baremini-orders.test,Demo Co,Berlin,DE,Import row 57
attendee058@baremini-orders.test,Standard Ticket,30.00,Wanjiku Espinosa,attendee058@baremini-orders.test,Demo Co,Berlin,DE,Import row 58
attendee059@baremini-orders.test,Virtual Ticket,15.00,Xavier Fischer,attendee059@baremini-orders.test,Demo Co,Berlin,DE,Import row 59
attendee060@baremini-orders.test,BE HAPPY,0.00,Yuki Gupta,attendee060@baremini-orders.test,Demo Co,Berlin,DE,Import row 60
attendee061@baremini-orders.test,Standard Ticket,30.00,Zara Horvat,attendee061@baremini-orders.test,Demo Co,Berlin,DE,Import row 61
attendee062@baremini-orders.test,Virtual Ticket,15.00,Amir Ito,attendee062@baremini-orders.test,Demo Co,Berlin,DE,Import row 62
attendee063@baremini-orders.test,BE HAPPY,0.00,Beatriz Jensen,attendee063@baremini-orders.test,Demo Co,Berlin,DE,Import row 63
attendee064@baremini-orders.test,Standard Ticket,30.00,Chen Nguyen,attendee064@baremini-orders.test,Demo Co,Berlin,DE,Import row 64
attendee065@baremini-orders.test,Virtual Ticket,15.00,Devika Patel,attendee065@baremini-orders.test,Demo Co,Berlin,DE,Import row 65
attendee066@baremini-orders.test,BE HAPPY,0.00,Erik Garcia,attendee066@baremini-orders.test,Demo Co,Berlin,DE,Import row 66
attendee067@baremini-orders.test,BE HAPPY,0.00,Fatima Kim,attendee067@baremini-orders.test,Demo Co,Berlin,DE,Import row 67
attendee068@baremini-orders.test,Virtual Ticket,15.00,Gustav Schmidt,attendee068@baremini-orders.test,Demo Co,Berlin,DE,Import row 68
attendee069@baremini-orders.test,BE HAPPY,0.00,Hannah Okafor,attendee069@baremini-orders.test,Demo Co,Berlin,DE,Import row 69
attendee070@baremini-orders.test,Standard Ticket,30.00,Ivan Silva,attendee070@baremini-orders.test,Demo Co,Berlin,DE,Import row 70
attendee071@baremini-orders.test,Virtual Ticket,15.00,Aisha Tanaka,attendee071@baremini-orders.test,Demo Co,Berlin,DE,Import row 71
attendee072@baremini-orders.test,BE HAPPY,0.00,Ben Andersen,attendee072@baremini-orders.test,Demo Co,Berlin,DE,Import row 72
attendee073@baremini-orders.test,Standard Ticket,30.00,Carlos Hassan,attendee073@baremini-orders.test,Demo Co,Berlin,DE,Import row 73
attendee074@baremini-orders.test,Virtual Ticket,15.00,Diana Ivanova,attendee074@baremini-orders.test,Demo Co,Berlin,DE,Import row 74
attendee075@baremini-orders.test,BE HAPPY,0.00,Elena Johnson,attendee075@baremini-orders.test,Demo Co,Berlin,DE,Import row 75
attendee076@baremini-orders.test,Standard Ticket,30.00,Farid Kowalski,attendee076@baremini-orders.test,Demo Co,Berlin,DE,Import row 76
attendee077@baremini-orders.test,Virtual Ticket,15.00,Grace Lopez,attendee077@baremini-orders.test,Demo Co,Berlin,DE,Import row 77
attendee078@baremini-orders.test,BE HAPPY,0.00,Hiro Martinez,attendee078@baremini-orders.test,Demo Co,Berlin,DE,Import row 78
attendee079@baremini-orders.test,Standard Ticket,30.00,Isabella Nakamura,attendee079@baremini-orders.test,Demo Co,Berlin,DE,Import row 79
attendee080@baremini-orders.test,Virtual Ticket,15.00,Jamal Osei,attendee080@baremini-orders.test,Demo Co,Berlin,DE,Import row 80
attendee081@baremini-orders.test,BE HAPPY,0.00,Keiko Petrov,attendee081@baremini-orders.test,Demo Co,Berlin,DE,Import row 81
attendee082@baremini-orders.test,Standard Ticket,30.00,Liam Rahman,attendee082@baremini-orders.test,Demo Co,Berlin,DE,Import row 82
attendee083@baremini-orders.test,Virtual Ticket,15.00,Maya Sato,attendee083@baremini-orders.test,Demo Co,Berlin,DE,Import row 83
attendee084@baremini-orders.test,BE HAPPY,0.00,Noah Torres,attendee084@baremini-orders.test,Demo Co,Berlin,DE,Import row 84
attendee085@baremini-orders.test,Standard Ticket,30.00,Olivia Ueda,attendee085@baremini-orders.test,Demo Co,Berlin,DE,Import row 85
